,y,a,b
0,181.78811387921957,65.78474076185606,57.96305003518448
1,73.69397075675617,16.183952586604423,28.736202681140675
2,213.28534562592301,13.73586646125723,99.72633148291038
3,188.61255213288914,15.999717099054333,86.29766123459822
4,193.27355010469475,5.509274204128046,93.85833282699149
5,192.23803316994417,21.571177821152364,85.28719434474536
6,166.18381693029514,6.425479471714235,79.85804777633217
7,108.36617426309824,91.13541971999808,8.570251516238558
8,185.72572151504116,94.0548042326272,45.78748065593899
9,39.77725323849115,6.793171901894912,16.44315065058477
10,103.0221143712873,99.89264812697051,1.5471573215526058
11,176.81450591672387,5.460988146566637,85.65486990161155
12,134.0134937296259,78.7083295559573,27.62241719819285
13,69.43346480650396,59.68007965885177,4.807651235079014
14,108.68365534516771,88.7283327591635,9.960131361008006
15,85.79275462254506,10.434923859644096,37.663888116363054
16,214.3037088496516,91.60583309973032,61.34122648139254
17,158.14954354525636,58.90403142221925,49.588298585490264
18,257.07998735722754,82.66843867136541,87.16998579190741
19,199.3599000653781,15.909538203214835,91.70136006214489
20,156.6528553260403,85.7258482667058,35.4486384901944
21,266.4694184722899,97.32154350575651,84.50495420608783
22,198.8114995665657,18.095594200027698,90.30869477420318
23,211.01341630603585,38.67132201444344,86.14880045498667
24,256.9123064179695,91.62519219471437,82.60798093787713
25,256.67400567422976,68.53556298119827,94.01957679923788
26,44.887865176834005,7.790755504270197,18.502549858954875
27,22.6786793356224,10.35539913734076,6.093410086677631
28,96.98421886266912,22.088231363236353,37.37620554974899
29,176.0575897875584,67.24449364737973,54.37698225066239
30,172.8862464830601,32.07971097157676,70.33694674406259
31,166.75353009617714,18.604991911255375,74.0489695570184
32,169.6016671525054,33.77189931167521,67.88355543329861
33,71.32653098598183,20.479270601161204,25.398766543669005
34,104.87670641870984,21.162484572345043,41.837608475957
35,232.64957316083982,88.05956557227675,72.25889065939552
36,178.5635777668915,57.99020386533906,60.26363070312729
37,158.6172739230342,26.530446302888176,65.99848603762894
38,143.00807651053086,96.3022380000899,23.315801527900415
39,80.72494390736438,60.97401998015689,9.87135569914389
40,225.7191862728152,87.0141275030362,69.34466718212809
41,167.70868861468182,55.02391563434282,56.29877956850366
42,133.6855809575499,86.20969198358434,23.719857551780834
43,58.05748320637793,14.767108125526507,21.594216442227655
44,116.2193074364121,83.96576497591637,16.11671952326169
45,240.70984540651168,80.22033863065279,80.18723624558552
46,81.85057559599946,32.41208356821964,24.66405966688142
47,102.53991080340569,16.226354827194523,43.136337495040934
48,96.18597233901575,57.72209675579515,19.182727519583366
49,200.2115481148849,54.99767817314951,72.55746700923018
50,92.96194076227987,72.34420789169607,10.241580645131531
51,187.00621201545883,72.04361111836862,57.426807465715676
52,71.92896090009562,45.78012646606724,13.039032002585493
53,162.17931581812803,81.83761315708637,40.13571211284005
54,50.64109420368938,12.77129804943823,18.875554913063098
55,80.68548860706579,45.450073751889555,17.600448521830913
56,219.85042028482258,96.51221148796083,61.64190214725742
57,98.97613518307018,34.900647015923894,32.009425520827136
58,235.1927711199733,56.643685175130365,89.24552190417315
59,109.3309241359291,62.54212318899013,23.350653755901085
60,232.95593243356018,86.07194043244735,73.3795337198177
61,179.98038730228487,90.44799041103438,44.747526298728815
62,138.7959800841886,8.604313376277418,65.06123745071496
63,60.541314524777555,45.43423555872608,7.520458419658993
64,149.2779894531048,65.16448391981417,42.029043774805416
65,69.10990949163374,49.13118009098431,9.95803963504155
66,102.56091990051704,42.92440318086438,29.76179552681938
67,79.65669826078042,63.33900098211864,8.116603809687339
68,103.91029312266424,46.3123364799552,28.7541178184342
69,294.7437319489493,95.91091996518549,99.37027176961142
70,45.153764911608114,5.8939363683893635,19.605044582305187
71,101.61335242340346,15.624505185005455,42.95033480389561
72,117.71822446514457,92.64673453065424,12.509411116998947
73,235.1511095178407,80.9119246394541,77.0874790830709
74,168.19002762918524,51.41047042214921,58.36234517137577
75,118.81851003643341,79.69140701440656,19.531514591369003
76,41.456754998133114,7.596315430640943,16.883275749234183
77,106.48944382498692,12.674192276133189,46.861231222669076
78,158.02618040615835,48.5627218124451,54.697651043327575
79,61.706528184453084,32.41570857306423,14.608581798877518
80,149.51106168588638,12.186992632772832,68.60191981942762
81,245.0014538290894,53.17356140048013,95.86704510142445
82,85.65781626993802,82.64146572053255,1.4639575019563478
83,55.955090549805334,51.59917238224892,2.140831744652949
84,185.58298541029419,57.314167245209205,64.07290819331173
85,109.2304679935821,18.46104727376766,45.330685255801406
86,58.064245274684815,46.59386758541015,5.672336360733921
87,81.34884791446733,24.139132173376932,28.54531972074733
88,89.84266662604477,87.35924212909072,1.1846749042655258
89,107.2790127260822,66.97629203419152,20.127005343785154
90,134.53759318921905,62.95147678573056,35.7556160348336
91,154.7910712790628,45.65988667513923,54.51851235132692
92,49.739044643208764,8.676336875425527,20.47148259858026
93,135.04734027881403,82.94899935212005,26.024412671089802
94,158.75947045909777,88.01476950941598,35.31998714199606
95,224.6999491259754,77.23310605608602,73.68591374373636
96,204.26390626879518,52.80315939186657,75.69016192612874
97,84.58385371193555,78.32864737697619,3.077406334869348
98,81.36404979792039,35.53602304487499,22.890205122089146
99,151.33347377425574,48.731607624692245,51.27629500790973
100,86.90297964295155,78.11984209351232,4.336123509870249
101,285.4285785831044,87.55766226391245,98.89457563056564
102,203.4285852681948,27.957482651304932,87.72425737618849
103,104.89945242207705,98.95506395554986,2.9680703497211636
104,81.71445470404724,11.298394945619439,35.16899142996384
105,58.077497205128,15.260241156735887,21.356793000118312
106,120.33374398859728,10.826367603456976,54.719645758209026
107,211.45019132583053,37.15051359028947,87.12613426628208
108,74.69355708572407,56.933504437065594,8.851075713877442
109,240.2598297709916,62.2937000445495,88.93910047643779
110,241.5577514236333,82.57297952858782,79.47438199103237
111,119.70000086193544,49.72206242219773,34.95756104342701
112,225.39948188829734,85.43446602207281,69.96276775093642
113,181.66608374680476,7.376863510711418,87.10491040095935
114,240.6967356610874,87.71163705154068,76.43972684810343
115,147.30429601611868,39.66679276562677,53.75953233694596
116,151.55972649548133,59.654931122128254,45.91375243399413
117,232.93137370076096,50.51342140996373,91.19809327501072
118,234.04220109399938,56.302477390743874,88.85470619661294
119,110.51831306158367,8.265239265751735,51.104533819706866
120,181.0186381319381,3.109461205077102,88.9356332222712
121,20.94005274173351,13.966917127301304,3.424795024286298
122,177.0599122301749,85.9599232615633,45.51353189931816
123,145.29934158781495,94.95827950614523,25.128635474397733
124,127.48690323115805,24.986700893077575,51.18537703799972
125,116.49774640317733,51.28015908848603,32.570388459423164
126,100.2027854138479,38.23216395081269,30.94030778175575
127,112.98871441774479,4.88168345765938,53.996167703572404
128,214.6864292945715,26.015646929084614,94.28617769411444
129,127.00790761530132,77.90641278700959,24.54543497842271
130,189.70564937778886,71.49941654868532,59.06271657420922
131,47.971868279364074,14.553139601047494,16.676133885886347
132,103.5195426359795,50.77364087388445,26.331854548806
133,240.856504113242,48.13498899341598,96.31079536688776
134,121.91027355766369,52.08145998231998,34.8867941990252
135,50.87272859008509,18.330760153244306,16.217109287630127
136,190.85948000760163,22.331915158615566,84.22624678651958
137,95.73266329556053,72.13608741857632,11.780960504717209
138,67.49243595281894,34.28346732593146,16.58263797856555
139,43.23947869101432,21.83380133731363,10.641413585987603
140,127.5951946063897,94.70298900563361,16.402589965176816
141,286.91022412440896,89.76302474627758,98.55165362003217
142,108.22909614860677,22.97353488788384,42.58739102287754
143,48.062298865127595,10.091068328102526,18.941886976904122
144,19.9739847970184,15.0284607283375,2.4241382836809433
145,118.75525863748817,70.17931389450148,24.2612227189414
146,226.4064719687418,91.1971564115152,67.58403051228873
147,142.1363902535274,11.90014183944984,65.11529438587948
148,209.56748153774345,52.15505574001794,78.67221826240258
149,199.51301298685925,4.131407480796323,97.63865575707881
150,178.55252655312185,12.642116852391382,82.90891151137633
151,70.23925094640767,3.87972171076858,33.13758663628468
152,138.06349688273258,6.357779112569617,65.81712968042339
153,87.98354210941233,67.44548639731191,10.237372714464266
154,40.884809208150074,17.997156587117768,11.440534502500476
155,182.23204146604053,18.23056540059721,81.93642022617388
156,82.37099871432096,31.89660629665405,25.196215299357295
157,152.82957098156675,25.77061096164274,63.47697386862177
158,235.4276365545201,80.90326072656163,77.21138288853446
159,78.96347412459389,63.01762322697944,7.907574730633138
160,202.4158969949764,46.83432350173059,77.72876699991991
161,177.73289411019059,74.78662300097795,51.466012684891616
162,108.20381213609674,29.346840157869103,39.414980846227095
163,135.37027224928133,63.2420940185513,36.032500428966266
164,184.7160143596691,4.489576849233279,90.06624218138934
165,212.1084633606643,77.90503451199025,67.07928501692913
166,77.92690606969761,45.272376362186584,16.30537672867929
167,193.30881745494045,57.992092162396794,67.63327375557331
168,252.683611864878,96.87789908232548,77.86134762826157
169,261.4383361093334,86.87033908322378,87.27609378651891
170,8.646807156873805,1.6893238148897538,3.431515088752901
171,250.05443758786964,98.82823605872392,75.5918501450264
172,262.75440478677314,72.36880222213782,95.16427390920609
173,96.10040415644998,61.28062109829621,17.386001293339902
174,131.50415512136843,88.38361268204459,21.526016585568453
175,204.0990300250659,56.84469662986059,73.60626168854503
176,137.01032755876878,45.75111158044071,45.57327789429163
177,55.08656119607557,44.436665353452895,5.278735183243633
178,181.52890407934277,36.90531447375995,72.2779675477999
179,184.21287559281072,1.4061458593663145,91.36222985331163
180,117.21786511727286,87.5914691547544,14.793683297735505
181,206.8389183117767,74.53585705440638,66.11053220239921
182,251.64108309500077,66.65954046058566,92.43415076036938
183,205.46010467632223,43.40364339201129,80.9675050748025
184,141.4603601865223,76.82697713278816,32.29784351346302
185,180.24336151976027,31.9239030841741,74.12069932706308
186,141.2695585491952,24.108507189773576,58.52322404714086
187,55.37187721383947,34.82928016659515,10.247259809407772
188,53.03898887455483,40.17620788939278,6.37660594195173
189,123.19333329140579,18.06773783689184,52.53505312461214
190,144.54185236031066,27.942633885029554,58.2576481218065
191,237.8102382468763,49.93113503423985,93.90753210981588
192,80.63922665530896,5.039185687996939,37.78677480449625
193,153.1719064091742,85.24873809593822,33.91138716831355
194,136.90424028464423,99.05663735684274,18.899594510765873
195,182.60071307379457,90.04928599442076,46.23875120209774
196,129.8213401916717,92.67596259599961,18.541449543008802
197,203.33122042020958,37.36068635161283,82.9608827995336
198,227.09935894179785,95.33544814177377,65.81678995892757
199,113.06914335286856,3.707911264641639,54.63020777797924
200,173.72524254267375,92.73972433643368,40.45015300445204
201,189.51280480332937,47.77299741166705,70.83571847057853
202,149.8670547858472,61.74292582881563,44.008970633464585
203,125.05681745256757,40.6315142521953,42.15620844234142
204,56.45287750830376,19.820847559206666,18.295959022816298
205,247.0463131701153,64.48310560112273,91.23008249064361
206,56.885311683759035,10.728228264956952,23.030750315377468
207,33.95358136993389,5.461862881965185,14.219326905737795
208,185.39511923938989,78.07950930937585,53.6017623555467
209,97.10677859939962,70.90237443434086,13.056187675640608
210,113.96580061132806,28.12898186251054,42.87679652924739
211,204.13447467933833,97.24356250908109,53.40067940374138
212,71.5041210403209,49.57515495277721,10.926056334225077
213,86.571219629028,72.90545306334421,6.7905311023853105
214,227.65874862803747,66.24734469292088,80.65381132080394
215,170.72761414248865,92.17993608346914,39.22674946270662
216,174.68928188243987,86.54525098889229,44.05083013285922
217,105.26547888731005,66.03289005889637,19.562900564607254
218,254.7154456129226,86.53309402060569,84.03666809358783
219,215.04669504324673,31.854789839020746,91.53143431485114
220,277.6809307222028,93.35213749236434,92.15591084305228
221,201.09282575043136,52.579800379022814,74.20027726628292
222,135.96537493343,51.28669645694176,42.31326540566056
223,251.06368480681533,95.13270483209052,77.93899157083483
224,64.71123393741763,56.46275374846999,4.104275470608776
225,215.04649065054696,82.5351548411121,66.23572771929267
226,190.04369408751188,72.56973825899026,58.67919103447991
227,94.92053799019145,47.757114856185304,23.55621651773283
228,257.5652344701045,65.50041970282403,96.00269480221073
229,144.05624572904492,81.81793137807013,31.059706293728773
230,214.03916584690793,62.323162385237566,75.81303822420583
231,171.97709343459067,86.98011163362048,42.4733644455302
232,125.52388767897651,75.27852706626564,25.080634581999718
233,158.89485196006297,5.953884374180973,76.43704674113961
234,125.93944729166182,27.55962891406767,49.153140393381975
235,245.3024656585415,99.92864057559177,72.64725300773057
236,226.20522386225755,62.39847104700323,81.84839415758482
237,177.4740623535137,81.09242116830876,48.13988159164626
238,182.8925077945764,81.99784205028674,50.40856234580306
239,86.83250207595003,64.4243466150416,11.176424245636163
240,113.95090327938028,27.100093417098215,43.3771377116995
241,253.3944885270949,56.44119279126294,98.43899945547948
242,32.84445558686973,17.126730642211918,7.8383668608452695
243,144.12404708235772,29.773519281910755,57.136341478558094
244,219.3267549574995,66.3757249762765,76.41241506759043
245,171.1332299336866,10.636643498584874,80.19961704238683
246,148.83325597145603,19.81572398440531,64.48655601633725
247,167.75173845693638,71.760158089242,47.9763964642983
248,123.37135693383988,13.928241907530603,54.68751187076617
249,206.33363765727046,75.80203519035122,65.21314629792504
250,130.45874541989548,34.425289913137426,47.983587723369205
251,217.39193132106013,23.223455333455824,97.0611724013451
252,170.7276433225754,53.010611604881596,58.82853931334282
253,234.21968399457265,70.87850073868557,81.62489184470132
254,107.8623486568085,44.71521485007032,31.548584150422144
255,111.42251252590536,50.45415795248718,30.458194278578176
256,149.1229168639356,19.897973150094995,64.59584926019862
257,241.12346399460563,52.984975825611095,94.00611477644098
258,185.9693406328644,66.70423763582734,59.609889837833016
259,107.17208174322674,84.76388281231826,11.14612198756716
260,200.08168341628138,37.39408905130242,81.32414693600556
261,173.48004743735206,78.96155069990559,47.23227626181774
262,268.88640957205314,98.77696777199517,85.0134474707002
263,33.10460020484623,6.135288873077838,13.4686983013656
264,204.65686381729967,92.45146781172862,56.09761591086697
265,229.39127475527278,79.06881575748483,75.1236039657121
266,167.655842770031,11.869617608261695,77.85527588339284
267,104.36073568590137,0.7375289615567882,51.785450385971465
268,98.01202214981122,34.26228329049178,31.840866791830578
269,146.33643535159896,81.67524697697638,32.2813271182518
270,19.476590026928857,14.582991374580923,2.399117305773102
271,247.5960484335049,66.90197941736264,90.30264232750002
272,181.12519535647672,24.1005219150243,78.50531645137056
273,68.25228013437462,56.43545614756621,5.8755917281858245
274,191.17439016626125,20.40809103177377,85.3372163047524
275,141.12832799267403,33.25207192388291,53.89340840784617
276,45.30020476356752,31.967183705249735,6.649305355339452
277,191.68847732059075,15.887983392556048,87.85121077843635
278,284.4375666077682,85.63198861350571,99.38155443482275
279,240.07823490945478,85.7777163814936,77.121212185716
280,83.35053199817628,7.939204350780226,37.67592664087227
281,169.12420253990354,33.356543896459975,67.83633455933317
282,58.400568549284415,0.9277215961369878,28.704757758326682
283,139.4058082558931,8.356428140396055,65.5077191712618
284,120.78514170946956,62.239497189382675,29.254947628230333
285,227.97762799386055,48.27017766699524,89.79536659124504
286,92.73295676699654,20.374454560323617,36.1576175970413
287,147.41478760819766,55.80914119308168,45.72894351526065
288,163.4780802951195,73.98870345520831,44.731959814691976
289,148.93542520106973,69.25258486455151,39.8038951066504
290,284.57689418293114,97.95859562050818,93.28916270460833
291,214.46519323930545,97.0526313879913,58.658128303366354
292,126.32074950453008,75.41913402535332,25.38745566186463
293,176.25133432348454,65.12198904759879,55.506865424461324
294,141.65816493559825,21.57841437206587,59.97825730409142
295,209.27276024696005,97.97461765484158,55.60751324175527
296,262.7514244484504,80.1232936221827,91.3094829353589
297,205.94894806254695,23.655229235567067,91.09795710103154
298,89.03851704954057,82.11084896369891,3.4447914624494924
299,228.76262219576185,55.48760177052026,86.58035011493591
300,110.73065413334997,82.13123602282896,14.271034710114527
301,37.99225091034066,37.35674432377514,0.2494032298808957
302,264.4172978934225,85.87017795075091,89.22590013028181
303,131.1486068528438,39.10780034069239,45.9536815295534
304,128.81210379943124,76.65057493601842,26.031654503388868
305,206.44122790328987,48.60682022804488,78.88337317737742
306,95.10483339601706,84.09325541488991,5.478115032743891
307,215.37496542166454,63.573931130510594,75.84779984007086
308,260.8062248223983,91.60684522198154,84.55524625127376
309,84.6183349410616,74.7170502534831,4.934827557896993
310,152.35922576661198,9.213396028606425,71.54329553722108
311,130.53445798518138,70.4736542189496,30.005438327590305
312,192.43188407334185,80.31589449062531,56.001952181617476
313,282.49197499851147,84.32745008454235,99.02675057964501
314,59.43190828256925,43.94450710485548,7.738354097435806
315,79.48680118288397,30.92006203386023,24.252363287197397
316,223.93884012850205,55.5953117178394,84.11220346449475
317,209.74975481245914,16.3762580801873,96.6232564922607
318,276.6202578166922,97.96360004857469,89.28286111801587
319,133.8734348360653,46.23924002037548,43.77877623449991
320,103.88542417680056,12.687655137382848,45.54423183911853
321,179.4578949917538,55.37828131247527,62.005231517718215
322,204.46516208610055,96.29910754338265,54.06087761915354
323,128.64766840643367,7.233212378719401,60.649811836358026
324,132.87639263493293,98.68779851879394,17.064142895199875
325,75.93777357466908,1.1348633677226938,37.36490750533649
326,225.46625045025928,75.62109425918408,74.89094427119895
327,255.99884599220354,97.77408235344677,79.09517757691285
328,71.16619552657961,25.284167707555795,22.904023746575454
329,162.02816592827185,86.9867952994263,37.45135444857193
330,83.22882807285559,21.040556052052438,31.059863665339183
331,141.0397642792894,74.0580872483606,33.439502611789976
332,138.64734072715467,9.329738891334472,64.63547920906605
333,246.92092089751608,73.88632760554404,86.50268139285855
334,205.99148146709553,19.581077784574052,93.17148791855928
335,157.04470054437618,8.166303563645938,74.3977676345621
336,132.0771442307957,46.788569849517906,42.59906226397258
337,160.99995405647434,26.252759159728566,67.31194824194547
338,94.88033342145532,26.838401140288546,33.98350591024686
339,254.20470647346886,65.89113271539503,94.11222577031336
340,219.98087980638638,71.47403494434839,74.23824458792826
341,42.5746595781501,6.055116516412595,18.251810616356813
342,172.09912944169804,40.204196769722714,65.8846489020179
343,139.83005935369658,41.30106993394713,49.23946811773654
344,154.56007566188643,80.49302827957555,36.985125529142174
345,232.25440125359864,44.540115476219924,93.83300205566226
346,242.51528193174602,51.03325902599308,95.67979708277204
347,135.1359055869155,83.72164493975843,25.69038034266716
348,148.83491498523836,81.90723702115665,33.44525138794597
349,154.39826245923658,62.67931790503558,45.843465097292246
350,176.2736212053103,90.59607577955768,42.795281553305855
351,270.7815814587814,82.1688370429975,94.25249130176687
352,121.63323887308462,71.25974852840376,25.13610169858681
353,109.42983466198602,97.19294688250741,6.106765840206885
354,59.212827794500214,42.14236051186738,8.495661802939692
355,276.0333125946365,93.1887896106814,91.37047618937218
356,127.72946077071433,1.298615789277302,63.17273912511659
357,78.52848915158326,70.6507203851907,3.8838221589651334
358,141.90131939481665,46.2149171585254,47.78682763397541
359,127.41669955805085,30.59717196012621,48.399860278833096
360,288.45698141679236,94.46415443188533,96.94029733204013
361,95.96670354208186,61.147559383599905,17.391181102994757
362,186.46260200356585,76.46842458238325,54.95528133552416
363,249.83895257522974,60.80584316673755,94.49008904804205
364,210.63885504870024,59.295984912248954,75.65111360922455
365,101.10910041615028,67.95111815027087,16.536697715575677
366,181.9028640348806,35.17418115181184,73.3329713821658
367,115.26416185052173,62.896567251928715,26.167375718083353
368,249.02155094226316,82.2110176746163,83.33746920758254
369,138.68860946085255,19.334964374157494,59.625307491310586
370,11.71874362645627,6.870940894951594,2.3915761179444828
371,73.69892162538144,6.346688208504747,33.649651123327295
372,23.361621491847703,18.781165799787058,2.234351230962639
373,173.9908201807933,89.27532817497298,42.29725063294053
374,129.92741667319797,65.22165178838922,32.29756077866715
375,149.9323101408902,10.585235339123244,69.63295741388724
376,224.184171012201,28.442454978132826,97.85588286320423
377,67.65176350717373,53.59589928582824,6.9695862440058765
378,203.5483332909623,22.937284414650705,90.26737766711071
379,169.04768619100017,30.844975533821174,69.06261610108332
380,174.7911836886165,90.49802574493737,42.13384038569091
381,248.2401793695379,86.90577291302638,80.59976718645544
382,180.46272215533872,48.326119155446854,66.04602937755318
383,69.77301592042966,4.758229379451162,32.47669284032989
384,106.0137509116282,92.08409834372975,6.912214637516367
385,131.67410858182456,23.09429203437192,54.26020986955091
386,149.91523163413584,44.18486853036031,52.8133173875414
387,93.43209791833348,86.50048123478626,3.4041694117360133
388,164.36170280681037,21.82343957610152,71.26113134745842
389,75.63451873123196,51.252400113243624,12.175319194842672
390,85.59205015210694,7.939168783483341,38.805429131830806
391,177.27685009345737,16.417513621272583,80.4177106408465
392,105.10636103706624,83.2068251462051,10.912703984740112
393,156.61443658418136,30.102967236182344,63.22816168159987
394,98.70091458972426,48.54568023413543,25.022587077470128
395,87.00276674301013,49.5324028119559,18.69356657211112
396,171.55267630060146,0.8753459822629095,85.31021649120716
397,114.02298569306377,26.23769707333049,43.83899507280734
398,33.898311895207286,1.5540182342026476,16.140596513204443
399,47.555814682865915,19.575584973859772,13.98659928332271
400,127.69178721526745,6.37532728765734,60.60735677157911
401,161.44526093997268,8.868598667574123,76.25000335478639
402,63.98037825481362,17.873153298533893,23.034121063281777
403,169.22139121431528,5.951637279092015,81.58986176869547
404,144.83578482950332,94.23145075123493,25.271223217444494
405,196.22658012798834,1.8729212217798663,97.15136324736878
406,165.5424941663022,26.286300990512046,69.61389909409634
407,228.6832749011439,33.30435737264954,97.66327795748568
408,230.6658610537022,40.35243531371236,95.09003587813001
409,124.30778124942962,94.40853666593021,14.89471676158236
410,64.40102028252394,15.685617784381389,24.287875333449694
411,169.86280739908258,28.54023094705309,70.60470337609247
412,200.17297162583705,17.48533035712726,91.2892678269734
413,171.11769000229165,5.056016736513258,82.99976981641997
414,95.27652559303054,23.273937633103237,35.95906625169256
415,188.86025039143712,72.47912004235049,58.18008429558892
416,95.57992804259521,8.527950561102138,43.493179135094095
417,104.77590150847182,61.781053641787096,21.456682634713086
418,141.49744939214986,84.97006426585625,28.219806495239208
419,174.61686775981113,14.891160587229614,79.80113412134257
420,136.74916365435092,45.888379732363084,45.36914486120482
421,98.79466989380312,25.58850384495305,36.5475720353178
422,163.62177416245652,67.47933252003358,48.034003154474156
423,61.33407680930524,8.060508645823916,26.591120222782607
424,266.84874977161843,77.00259443368998,94.8727300065011
425,182.68971110156787,64.35251419987634,59.147820460098885
426,139.96919421168556,7.670456876662735,66.12358249759026
427,101.14519292335928,61.42281138010085,19.81546437175197
428,269.3814786850809,86.3359070176278,91.47401327064794
429,85.3842690300976,79.59516418342854,2.8568425466915293
430,215.00513217530357,50.665865624152254,82.13275915322694
431,183.97417473527094,89.5849494780961,47.14685881472293
432,79.19555060344518,7.355518593982424,35.89524816356783
433,134.0289711540151,0.7898162539495823,66.56792595251407
434,87.02277082392567,79.57296042799646,3.714316563166209
435,186.2486306480475,65.29344168767574,60.46232622514819
436,179.3519726315994,28.99046941522866,75.15371205559063
437,106.8740103740143,27.65704008972517,39.54951229008468
438,58.902752572320225,13.218385734783622,22.77208721369368
439,143.18742695292357,57.81349802276959,42.650363946066875
440,231.17508429263836,31.607688862071438,99.75876917576531
441,133.27960891183022,57.782511434005656,37.69320070066562
442,162.86176707608104,99.01899275322089,31.915524802604466
443,35.914800679893226,20.834833717851897,7.502987811015838
444,60.588853912426394,48.8022475594268,5.850015057227864
445,18.178317256725666,11.542083994996021,3.3038107261595617
446,203.4839943510383,42.79160522987725,80.28187596429285
447,118.24165362951872,17.818126050309036,50.16897770069838
448,264.93071194714224,98.13325166426678,83.36464500746732
449,233.0529681049314,60.84389499567312,86.07923037534866
450,106.34669680558598,70.80793595395821,17.709979027842948
451,36.19389125950836,21.248805954999984,7.424733740614265
452,258.9808823834635,86.61908043416149,86.13509854137777
453,89.53999372646577,38.84846380267023,25.322776801347725
454,291.12534498918603,96.19773389720541,97.43935987910757
455,260.9365107697733,95.28520050536412,82.80889847921603
456,223.57345789647744,55.93717914733421,83.79620543991456
457,65.73660865432608,58.82262664081112,3.395468926549461
458,98.00215209018151,73.98387199259986,11.969454474982111
459,178.14226270824742,67.40550390724587,55.345925397325345
460,198.9852004963675,31.1451260639647,83.88405209041603
461,78.83880502998782,15.010313409779707,31.87952452533058
462,176.4240305508701,5.54022059594984,85.39132151339132
463,69.0008666042775,41.53171964056088,13.701812233970145
464,238.17988068384395,88.17790259450274,74.97579780955358
465,165.51419974360783,39.699124234948194,62.89195892058091
466,164.23394311060085,60.364468779863586,51.91176932096656
467,186.7386261798228,80.11851135037888,53.27114097124371
468,117.01842461088394,5.1875999895821145,55.853077333818234
469,130.04102091046832,54.16834425893246,37.89306445705725
470,157.87644230312438,46.693740414275354,55.54888033477526
471,121.06823276938333,96.82540159651639,12.092567962505695
472,20.35721150633668,19.58830034949114,0.3691945011908171
473,213.917428597656,68.404865927555,72.74604749968235
474,229.6393367373811,44.76410533804456,92.41525722196765
475,210.9890532844374,57.989676415769274,76.46355219501093
476,147.84920862727748,3.635516679549322,72.08137909948147
477,137.79247044686846,86.3127590643117,25.695930637955456
478,69.31140578545663,25.377050666083534,21.9296523679561
479,211.14192897423854,99.83721715927719,55.627694211984306
480,101.81946303566278,13.407357456664037,44.15808880866668
481,69.74278131882217,26.54586755959477,21.550354854530596
482,51.893068464908836,3.691960180163356,24.04543022968788
483,196.67600194635074,7.602898844703098,94.51015837903036
484,115.727458988729,3.6596373434942153,56.00132120749157
485,85.61614188453454,22.8985566846165,31.330394407501327
486,55.824616177538644,36.17498481325997,9.775471620836363
487,98.73685175474327,34.510127224575896,32.04694527633936
488,130.10915725205348,16.177469385298025,56.91217655864125
489,129.92516453393833,85.40686379687651,22.22030777580981
490,187.77023664785986,46.04907703919289,70.84721922138122
491,49.3892353117528,2.042619645645438,23.659433547521147
492,168.515086117493,93.29364436032674,37.5990004506777
493,236.4864603879206,75.94447063663937,80.25685690578244
494,97.5737005904499,79.63988689548229,8.914392032941077
495,179.79046570007267,10.869689598276544,84.40269902920322
496,138.17022384414017,14.16268590937011,61.95140793660067
497,121.98808819359165,39.20612785811196,41.34370397331209
498,69.07117972380897,54.63964550482704,7.192455540791853
499,122.12115854623843,48.59245443744066,36.69780430844314
500,249.4946498607241,86.2513653933678,81.59847900330077
501,219.7683511929551,93.15646334366751,63.26264185102994
502,226.86670356977078,34.1070074944619,96.31240080242733
503,236.15753189723443,45.26739916352332,95.41215318786932
504,175.74677188425397,62.71037895505356,56.47331637412884
505,190.20761861620113,39.86265852044555,75.16150621121088
506,189.08962369708064,90.15028710977742,49.45838561585403
507,150.4167415396429,77.06550690560039,36.60971044736936
508,141.7189677110336,3.5649459844587783,69.05194863927949
509,105.6865704848662,45.83002065371584,29.90862127589442
510,117.83212663423541,62.04599823630965,27.8631355395098
511,139.66054803649516,84.09357154731988,27.740326989438824
512,130.35012952144098,1.9040388785485973,64.1624506587272
513,47.83638682748044,44.79292505660567,1.4917900049578048
514,198.66613359912526,27.880409994660038,85.35759283276003
515,54.13085255529737,39.12214507944524,7.470643143779576
516,68.87184911029574,42.523175808440016,13.167691001635529
517,154.49278311323135,2.4397262919419904,75.98366414807711
518,85.38465882290063,25.8094930986955,29.74457438577257
519,118.78573291104475,97.73313523351943,10.514752694117757
520,87.24334057483546,82.76560927402551,2.206681277040623
521,241.039089453248,60.510898560053484,90.22352849987143
522,127.39162918769551,42.00129728884547,42.64748168834402
523,71.27635537787032,16.24893316168945,27.463919175410645
524,247.35372543402758,48.56098057323164,99.390158630793
525,183.89773793474623,58.787456712642886,62.52606556471504
526,113.87053384070323,35.39977227656594,39.20938031741509
527,133.53360795438505,29.808633001026596,51.81672262525513
528,183.06343444312662,56.05867478723168,63.49588949424189
529,63.96496553161875,29.98351387925826,16.94549930644743
530,271.7582558724547,72.24706142769321,99.72071874904572
531,8.18862293164201,7.199278090494776,0.4836597944378851
532,127.84098635143069,65.82126557141903,30.94648795247665
533,125.2398452177724,69.2413649849493,27.96928741132041
534,121.41908207346857,52.58868317028196,34.38464681442137
535,97.95752408838737,37.227669515132135,30.310573949354836
536,258.0060566356945,99.28057549948409,79.33445895848713
537,170.8512355480263,16.840034744753083,76.96187299465447
538,127.96962902086135,55.70749380214479,36.11260787569772
539,108.02864547563198,46.52523830975394,30.699635870562314
540,205.68899288208775,70.32034659638666,67.66603512755468
541,61.93698281096315,33.02166947446415,14.426591839241143
542,240.95788762296908,43.75861953967662,98.53970019688087
543,116.39654476839122,22.82177860048926,46.76592684268759
544,223.13011100535877,94.38163128185145,64.33378900963153
545,111.69912689385504,80.30101149617494,15.663554884859254
546,90.90324208884726,32.30289749367271,29.26730433437973
547,114.33561749251214,8.450531864269916,52.91909361578622
548,285.45251184960546,94.22388566409371,95.54569532844471
549,264.29915618277863,99.21507395375285,82.48495007613973
550,189.82367757307756,98.32682318455268,45.678410248528735
551,208.7213898060573,83.12678286051147,62.739307220083376
552,106.66706428573383,15.65037704747808,45.47907498514478
553,197.24655988669826,57.720934293223856,69.71492086070315
554,137.54058620623846,44.78010680211242,46.35649575267645
555,216.47760021934653,73.82148267766696,71.3185208629416
556,122.47143378283192,20.871221942096575,50.74539709877478
557,161.98428524252833,71.18975699614029,45.37092374425472
558,219.6754391189163,87.75881506370192,65.90450473548164
559,213.73598150570197,58.87554388282328,77.37850595107813
560,149.48686385886816,27.40337587930577,61.02249815658053
561,172.5134365435646,2.1923409226553225,85.1347608459494
562,81.6414350328737,32.09089197776387,24.75046847059259
563,132.5810806608074,50.376081725452806,41.044789946829695
564,58.29890950814674,57.81333309934059,0.22250261076618427
565,244.69559452253787,79.30694716460621,82.66008495479926
566,65.91637587633114,18.955135196328133,23.42036844348696
567,64.88095092882597,31.83418785466453,16.50550803233508
568,23.913782331902734,17.015433782204216,3.395185945661927
569,119.5658372759026,52.64225357562287,33.41164350739846
570,33.4693097696728,3.924715697445258,14.75353464430551
571,265.41435344644987,76.89042595992896,94.22058548745284
572,109.87010664332293,83.16944098421594,13.32539205977541
573,255.99224436456208,93.34610405920556,81.28908027524318
574,206.37730206434537,22.232740431938815,92.05434874437006
575,89.41771155772356,20.4731053727945,34.45291545724584
576,229.80068206639373,33.96656021315515,97.875498383437
577,148.30143074097265,23.33311948762775,62.46612303091788
578,98.67737855733685,76.66506553585829,10.968654392638511
579,147.1205003714346,82.51460741472326,32.28392882090966
580,236.23271143921798,88.16911794639863,74.00400810253339
581,115.89185103096534,63.190230956831975,26.33232286269218
582,37.89169410082053,6.70228989124605,15.591784661816599
583,156.07967871230156,83.04986345469753,36.5035574611788
584,112.00702195669001,35.72068061890753,38.10528451295622
585,80.72872959177003,72.7972533949451,3.9056318510361843
586,97.53657131293454,23.70566320463,36.89515330493411
587,148.6140648272772,44.09049325785427,52.21788560418115
588,201.66435653658428,16.374757323747126,92.59347289224831
589,233.7715098495542,85.19782111160748,74.22354240883227
590,20.025346791044683,4.202081863813422,7.857617132967343
591,242.8724808387536,92.37385786390917,75.22293735729168
592,85.28661851075549,0.752611854898444,42.248755717383744
593,76.45456896464235,0.028544316268441783,38.15866982470999
594,208.44209283715665,63.160050763377285,72.59599978123231
595,156.3384529978135,29.30646028773356,63.50436977082591
596,104.37763340505239,95.8802382177594,4.202480969358701
597,170.30524757848838,28.859064595671523,70.66658665021424
598,53.553428724678156,15.902893122687779,18.768729463787547
599,127.50010308753448,80.58386059248647,23.436524634796452
600,202.11873374198558,21.433617955208106,90.30301222215566
601,246.4440041138308,91.83585910224161,77.2790621958634
602,105.2000068401753,65.80028692041992,19.68494405604746
603,219.37103243004893,22.19700393902717,98.57486240517942
604,154.4841620570222,97.420282542329,28.47678242574625
605,64.28145964604413,34.880559364864126,14.660763702560375
606,125.49032255272805,40.444931220507506,42.474831471282336
607,196.97369856582105,83.02668754078975,56.91399521378504
608,34.89377522942654,24.01807099773975,5.399218163411512
609,184.9401560148963,7.256926955859466,88.82468928620608
610,137.4300418507193,31.841171369656095,52.74946251409948
611,167.76345188014693,30.7789394120054,68.44849776713016
612,110.62250164615975,35.58094705268762,37.47930635344847
613,210.68223516454808,57.62999069361523,76.49668294575406
614,165.66375198002427,21.599114363273475,71.98255662966905
615,165.40450082841528,99.99023877119008,32.67966434027616
616,95.1508203521712,51.75961067045895,21.654489399160028
617,181.2610015061342,73.20608876830597,53.979094543316606
618,201.99251801359475,7.486150372732214,97.20613720969513
619,63.67669632854658,35.51123871621022,14.046531651888527
620,77.3025054025961,76.36175215946501,0.4209142853567216
621,45.970642794441346,0.9412676573672618,22.455784301107727
622,120.42007448793554,5.05426840033728,57.62796311708278
623,171.27102149056472,2.652561694894451,84.27894948214475
624,142.33162617401985,97.05796475236075,22.61189670383206
625,221.82049208581117,53.34313202620121,84.18377155000154
626,264.0565227036092,86.19709883477277,88.90357279708142
627,80.42503502614974,66.7122244710884,6.816583154853706
628,218.6159157996751,24.726588758796986,96.92658722465687
629,200.59754349068302,94.2278377026037,53.14891021847529
630,199.26045220833,61.69304087620782,68.73489808201188
631,63.86911477746354,25.054641404594236,19.40157938677033
632,131.7589877301646,92.89372184394585,19.38448976762891
633,77.87557047865442,69.78059574260122,3.9995915516031766
634,178.784663463978,13.124945695770984,82.76099629569728
635,263.9302433249234,72.16363819962021,95.85800120031071
636,132.39686429971533,19.488598911504297,56.41553994482689
637,253.63465478857123,64.37934300950229,94.60143384672331
638,227.91504645675727,81.1075355340046,73.36588159353629
639,148.58206213459212,36.252358850001066,56.149677447123594
640,146.27875581419804,78.19797877144616,33.98849695738283
641,213.06978995709787,56.988235527016826,77.98676560227446
642,270.74572269272875,98.98711788648782,85.84153868506979
643,131.49835419450696,26.465836868330904,52.48248231986199
644,215.42594865093417,87.51064426798678,63.93450147958756
645,180.10913006164873,17.383982826210918,81.33630520834052
646,158.6931168043432,85.5915433269139,36.49712288333278
647,151.3298244059974,7.405201631318803,71.93773587973725
648,285.17226961557174,85.81179633400477,99.63113049054407
649,79.54683423901,70.33476342290382,4.541570029542408
650,20.676442864677416,16.750991344677992,1.8889725021949189
651,196.32688864733092,60.32908136278511,67.96884117566336
652,196.21109500725234,50.46916148016869,72.82754938741071
653,40.90302189248331,6.974484666641545,16.919007087543804
654,223.79789419072463,86.34027340354935,68.66729823371865
655,52.876388336517465,24.431658925124612,14.1940193906959
656,114.67554579846423,9.732386389042535,52.46059940889645
657,141.00453690849162,76.89699309007388,32.038524775779955
658,121.07870884430065,36.43852959839313,42.307899479786656
659,83.1315042849696,27.759796658836745,27.67157007062143
660,121.58320888778925,58.0214045152346,31.73579762492472
661,185.59371341989714,53.581405165440884,65.97439560211048
662,61.29496343014342,19.332449382251216,20.97669002763428
663,121.88699222447397,35.34562643707751,43.253425558153324
664,170.0216332100244,29.241531697239175,70.34998481347165
665,176.16232720576065,84.1836329937589,45.93437681182162
666,133.566499498095,53.750515695163855,39.855743428852804
667,22.649625008146185,7.152908571529437,7.729086566471799
668,56.45624231127039,2.7628839780184156,26.8253337106364
669,187.53342296782927,45.67496951997211,70.9141451604325
670,201.25208384743263,52.20604535293275,74.48068041591843
671,22.068405938619716,5.584456478137612,8.221002752916828
672,23.3564685148415,18.21282671628023,2.503027038377592
673,165.54885699716607,9.561416580404746,77.93696818307045
674,74.46171873310529,11.155716188600318,31.636751546275164
675,193.8350630478387,49.228580786133556,72.26515891645097
676,137.3574576183633,58.496943009250124,39.40423560157742
677,163.23829145879748,19.722855783651493,71.72931941777945
678,260.885406910126,71.0547859891414,94.86083327850004
679,211.12489566630146,79.45813111770019,65.79070397410263
680,109.72341882855596,19.80798403168493,44.923766454215475
681,199.95171841775476,42.761305851802454,78.57902026373415
682,183.96635653094262,95.08256161726472,44.37221575361738
683,66.59222503730605,16.714385786005792,24.870104485598965
684,143.83832290628047,4.3416424940931675,69.71838558709571
685,129.9037001614924,51.18160616276387,39.34454845859017
686,152.17902360675635,32.76728583161878,59.67355661979754
687,111.15399328870093,50.44099707562345,30.32461857814175
688,146.27436351448094,49.39150077243848,48.41427980083044
689,273.87286915041153,90.29713324077521,91.72142492964194
690,50.11119354095714,32.444535186640636,8.766601329146317
691,178.22885325074893,47.63833319247964,65.24619085380832
692,107.96113374060887,41.007773921739,33.447809191163714
693,253.15285021060325,80.28359948464544,86.36815281912644
694,29.248805714707252,7.7409447406459275,10.746145687406205
695,223.23552744495575,59.52834660493528,81.81389937184
696,114.44194848341208,46.08687983539564,34.1584626827665
697,126.76017787626256,30.286009687793214,48.21166254932504
698,255.74276884065833,96.03467002576913,79.80368960997016
699,11.697160512775424,10.177960692286769,0.7166767592170054
700,84.47922354949887,72.92964296384267,5.72762601662562
701,51.86048517221791,29.120182033731012,11.33494481804237
702,250.6361750315012,87.61521076745802,81.45013420836449
703,201.89504731304362,15.948213995649285,92.95606749051117
704,41.76868333350917,18.738651628413173,11.487231931427333
705,245.36137964001495,46.00861967679507,99.61406243606493
706,147.11502336246642,57.800529213596455,44.63188201769689
707,123.60317833996935,33.14437506288572,45.18960279814673
708,148.0078606911823,54.98851082527624,46.48478951055445
709,87.88141369774107,46.165394529634796,20.839180004319445
710,165.42752477002222,5.6121141962229615,79.87871844939167
711,148.6820528353356,40.46896065902018,54.05967371083119
712,134.12021476579366,21.966806984232278,56.04661142349976
713,98.76956043410473,86.91256421322753,5.880218528409453
714,195.94646161362874,1.6032032257125128,97.16055299081505
715,227.7030385242411,39.219771499202864,94.18974072230533
716,248.699969997868,64.32792240341942,92.17637661480217
717,240.54492146306654,73.5110474777988,83.47778815033361
718,101.92660795315074,40.17643544320102,30.8173238900304
719,45.17754601066158,12.911902327828562,16.111148224557724
720,188.04304146885238,55.836839835407645,66.06021976287757
721,120.49959480863413,43.07182296201152,38.667579314394274
722,130.36502340375193,40.91155628924595,44.683082689138075
723,27.803037320881398,24.243143342517982,1.7776460347027179
724,118.81400376199504,7.214917423283151,55.75985802018255
725,155.06974996940525,80.87774026946506,37.05290174023496
726,144.662584162279,24.006461793529297,60.308139821151585
727,247.65989877151955,82.27437102722602,82.64436271395421
728,125.76121411483236,76.58244851364353,24.561759274163496
729,107.25704341933032,35.5896242234335,35.787431456030305
730,140.18182724011052,73.76694090059245,33.14892694448562
731,49.94748381978376,24.464115155600453,12.71369141049986
732,195.730310294105,70.12762520568327,62.77387071039349
733,63.81076590879936,19.304184691969684,22.197027506699186
734,110.83496287817678,54.93150298040788,27.937392464980004
735,143.8895409059401,48.89845535481402,47.449940437521875
736,209.12670821878635,71.44865758592954,68.77901504484502
737,121.71995754450498,50.29771452357961,35.69172949769389
738,151.40458070357343,90.92528080617507,30.195346070089546
739,202.66500620058724,10.867746978154003,95.87944295752695
740,212.00985346935016,92.64286022576766,59.64254375590211
741,147.71187386121443,99.79244152701295,23.909986309992814
742,72.35969566309211,45.83300762799376,13.216060060268099
743,102.52632585725877,58.91345876213929,21.750510367452
744,104.67786262603857,2.1844402567535726,51.17943607180842
745,75.5405763569355,17.88297154363733,28.8084459708829
746,160.1557649348651,1.188497371388375,79.46810318693633
747,286.3746232957461,95.61189570916979,95.31671109185353
748,102.08623122419993,75.71341748562836,13.171071765069398
749,80.91487482482056,40.4475530201799,20.194164982879258
750,129.74089605282927,87.96301053231828,20.837053356733392
751,238.63247961719608,41.22661266770987,98.64479302886332
752,190.5464140202617,30.92890426117768,79.79784795885156
753,266.3436717779626,99.74526637219083,83.297133442648
754,40.261076600937805,15.986369468766192,12.089591819227163
755,241.53882242791266,46.93002332871923,97.27701857738379
756,89.77767462924955,14.96745100573923,37.339214051819894
757,129.24449684530987,83.44290137557425,22.864812938537227
758,73.85119217041412,23.966726935029648,24.890120500817236
759,47.60175859922108,43.31038083237967,2.0953460052274053
760,124.15262280257538,68.98588983580537,27.522840360895206
761,97.06353622223077,90.99148924274014,3.0231190104079375
762,169.1634234669921,9.603044830752482,79.74507686079933
763,182.36001746563963,11.311470358664955,85.48711889920995
764,128.8117756522622,43.53720791835484,42.59657593841935
765,195.75505976761224,12.6657691752047,91.47239537550222
766,163.87330399621618,77.6566716747899,43.09137461853495
767,230.9096931424669,57.47133830398915,86.70868731443396
768,159.79861424939745,66.99055625569878,46.3661842925716
769,183.2912385151174,18.45476448614938,82.36916019856682
770,190.67621669306874,32.699566816738056,78.9517006076111
771,170.4144249235876,80.16457435848393,45.07599123354608
772,120.36564309811463,23.19035786060819,48.548528307455875
773,127.32529277315726,59.75810671150339,33.760460593916164
774,177.09284659078722,11.831115613919696,82.6149606564059
775,261.6993398300811,97.33490752894542,82.15033035838609
776,82.24707854031527,27.769483578190258,27.19485715843424
777,57.10597189018994,55.03452316553762,0.9952118133570553
778,231.8962706622318,44.641884341144724,93.56744253974281
779,175.07480482704133,45.39819931679639,64.81292530511776
780,258.1873577880208,95.08347193310118,81.51609901907088
781,113.33780021667287,69.52963209701734,21.83697488142007
782,183.41948062831602,79.99076353798569,51.6541563923988
783,63.156732884470834,45.73487662317388,8.675121119404672
784,157.40614871840737,18.85384653433062,69.2408260255561
785,205.17554821434427,59.8931990728342,72.5994010176843
786,114.9608043030601,48.84717524480543,33.01323626279385
787,150.75915262105997,20.670882002388836,65.01659913966424
788,239.4477712852152,86.45486227868999,76.45869903689172
789,176.9099875682046,85.38681470388826,45.71332416031934
790,258.3974711230988,87.10352126406549,85.58987675494872
791,62.22695473344881,11.219547667002239,25.460237735727333
792,249.81635100896628,86.41557740236759,81.66142387056883
793,116.90623768441952,22.38048874782169,47.217695973705155
794,136.17897973689506,53.8185980621531,41.12326728869334
795,73.87920296081154,69.99655532060456,1.908102097252995
796,165.43092815539822,89.65937705631536,37.86143874572806
797,59.53588672035786,31.646049842178325,13.882743935461983
798,162.28325906363744,11.996723478320092,75.10520000521524
799,84.91667068266999,61.553943202296125,11.673713476224368
800,105.24157124940878,51.77413747242987,26.696638453083608
801,71.03531604873386,61.2576361368709,4.834952598061159
802,173.08791399841002,97.50467959803431,37.750218911895104
803,138.1596785672742,88.40509756064256,24.812868132127374
804,221.1323146707839,98.80360577395784,61.12228627947564
805,98.27507821653522,76.89376709749142,10.638589908970564
806,63.966160298571076,31.581821222695837,16.170389047574574
807,227.01116056165824,55.32890215362053,85.83627054364847
808,183.11009807306317,82.4253061421069,50.3359027450519
809,81.87652197633915,32.03058421774807,24.88979023375697
810,202.43060164801076,28.555808684659244,86.92814932563113
811,191.30407990380436,48.34097390165258,71.45346554283843
812,121.9269557303793,54.133083786123635,33.86425501204301
813,146.3283780245699,32.18625594288555,57.05116273633676
814,124.5491597473811,41.59598792583872,41.43864424619236
815,44.644745698190114,21.810969965690486,11.374816146881273
816,216.83605780236942,20.587084041849714,98.054373570557
817,102.32416154322102,20.982775052202328,40.61088879557817
818,176.15584217731836,58.756897774506115,58.63547977016766
819,114.2766013014073,30.985722900722358,41.58851377288647
820,157.1078580799457,28.20306054124442,64.40476016074349
821,197.04643765438405,36.428882790359374,80.28603860765546
822,177.16089491677727,1.257173955268609,87.90622611362534
823,145.72315838224,27.266341080186386,59.21785951209373
824,90.37566048226654,37.60452342776874,26.340705261005482
825,153.48911011534744,57.03496381485378,48.21214207744138
826,237.67776620560971,61.70808664236335,87.97556178102938
827,102.65876386011166,47.916471549086836,27.348512772194955
828,86.73133269807728,4.771502885490742,40.95734870098141
829,47.434561661227924,17.46116128073244,14.948645122415172
830,155.61165792134622,49.38604712848187,53.08147676197434
831,197.79374201246114,61.79132615196599,67.96040300648252
832,126.88877040779937,76.14160320944714,25.3390069281753
833,178.07567073338276,72.65177335224875,52.65385349970318
834,102.6805307448438,9.296712682295183,46.67246644624219
835,95.29856103084792,82.14345614584374,6.542082051027642
836,245.45895991521903,60.12648095970581,92.63284568873298
837,205.25660928959738,90.53487642794781,57.33493768025488
838,240.12956989368814,85.24135052914741,77.40128235983646
839,218.99852755165716,23.981520752138742,97.45437886043976
840,67.78826112395049,3.031681677880982,32.35650772909037
841,98.715464078658,11.994031730290633,43.33942229593569
842,223.6316144482502,89.58944039145025,66.97863836145717
843,183.22819438148377,76.5636294476012,53.295566737770905
844,190.7238354645701,51.258525270182545,69.70649055126874
845,139.7308112639156,44.22544516639593,47.7335977748734
846,200.33342317918365,49.21683370316421,75.53144805830875
847,134.05077961370344,83.72427644430398,25.129998558187882
848,216.48313958202036,82.81804786581162,66.81762212191806
849,254.5730853240307,55.17014643913076,99.69204297780911
850,164.77383455990073,76.96328039406993,43.86598261877219
851,195.42547281366458,28.680477891665145,83.30121265468932
852,131.20346965229874,64.45514643372825,33.33941110746459
853,259.65532587135215,62.067397222641006,98.73361584159478
854,148.6016028622564,20.36855173828429,64.10112996291598
855,151.44201021466125,66.94758377577784,42.18963055874462
856,62.36590459132074,41.40958855015694,10.422759989666709
857,116.2364010125848,88.11183769284342,14.016110437605022
858,35.05693934279655,25.841376394701943,4.58418473385136
859,61.54525097723738,22.99983331273606,19.247525140963983
860,141.29295424330866,53.64647303182195,43.76185294902797
861,79.5892819345532,76.74400059564881,1.3857674591165936
862,93.33543775504542,85.41758962371726,3.92597739040893
863,128.49297934830568,3.9048533736317004,62.277293491336195
864,181.2914849966826,59.083594465224046,61.065636312720294
865,75.7886218442419,15.102730552861477,30.279538408591446
866,26.301287079403085,23.10411609066254,1.571259001462355
867,96.57737661327772,74.41993158621369,11.046861952648035
868,233.20118457753836,75.2265621941372,78.93426852004478
869,180.87470181737956,86.15162089006812,47.31134783813148
870,136.48823112284725,52.081274478565,42.15342627763157
871,188.15297365022263,98.62563865978426,44.711150832708434
872,238.59759978968285,60.91970788755573,88.81287163750244
873,107.05053832120525,31.791383735753197,37.572016612733805
874,221.08082756441908,97.24886654993715,61.89131450237929
875,102.15024296668247,72.84090258032327,14.598021227728886
876,147.75433455789104,92.88130385938545,27.37861079400561
877,106.77926173971034,60.18147157233636,23.238609793917732
878,241.93632709790714,98.6001603146986,71.63054039155615
879,33.327698275744794,10.045657907053263,11.601431824145436
880,90.67960794448523,69.83979232475002,10.396697234587348
881,62.51452519678001,25.86245272179046,18.286396407579055
882,89.11118536677255,47.52851730297818,20.77278685777031
883,50.73912431758025,2.802415009258985,23.90745564027442
884,180.75126351916185,30.806017297150834,74.9094797301943
885,114.1475296588313,34.50635904418746,39.76340143279793
886,178.00111666796386,53.91741009274219,62.02283719613032
887,165.94631203458655,92.51763324067358,36.69018556857143
888,172.20621527680058,99.52687535510235,36.31238854982948
889,36.76754429201506,10.070050025331334,13.341199286623361
890,118.53319495059446,1.576553698418648,58.46399278715405
891,115.5749269291057,77.01664198428033,19.229068750274926
892,113.15127539977544,10.638797600067672,51.20761282468569
893,215.5967310110138,73.82151572553316,70.8853233621144
894,211.64731670912505,42.576182224743405,84.53115985278657
895,61.02995937716527,15.802127055770432,22.57066749528822
896,118.30978840469002,84.4930621066799,16.85128044050046
897,65.15003577985304,52.915517487524696,6.076920136418762
898,128.28694553235434,52.966211977265964,37.638100799235175
899,153.188334382319,12.130866760259561,70.4938472995366
900,95.1047601452446,30.146509997408877,32.46137371667769
901,183.64277231725166,92.73215085547218,45.40418492150097
902,96.98886313448396,26.94466456014245,34.99698308445646
903,111.7502519660483,83.4077463394393,14.128387326671888
904,96.30644612746339,29.708922792174363,33.2429930600663
905,80.26894159133366,52.1807895224193,14.000816659659188
906,220.86997869998345,76.34747542411436,72.22634364456982
907,134.54007687775584,62.24333872882056,36.112580713801854
908,98.72506322753577,25.41965911259623,36.610173579541105
909,232.17077799551654,60.90134588362186,85.58901514898366
910,131.1220925269373,10.10402626493998,60.48233859449681
911,129.37650007171936,44.732102854237034,42.27339933319276
912,130.25187234279994,75.30771313975865,27.41833321589343
913,182.81814030311736,15.867244286702164,83.42324376123896
914,153.1277808705643,9.555946468834165,71.75903041422723
915,200.00668290394455,90.75220967878022,54.592118853974114
916,201.56570157074762,90.3880616641226,55.52902001202163
917,42.79203489617674,19.114638236610137,11.811553983707945
918,101.9335234275429,7.205745418765586,47.32174891130527
919,95.33268996837063,7.706450021170019,43.752296254262454
920,205.6430881452831,97.91764421135211,53.8311548107821
921,228.65824273224567,43.64896469108588,92.45404926435099
922,149.31903931387347,88.09908104858015,30.581529537934493
923,184.90106581401045,57.0268074633552,63.911495663882725
924,218.5403356809592,80.85524203299708,68.7886989348925
925,50.3811167211723,4.115703727545994,23.10916814137873
926,189.73805379249987,98.90761488604048,45.34563834080597
927,69.63712359401495,62.500664910869666,3.5422707013384014
928,53.48656324066593,3.443378985549983,25.00979289709645
929,283.8539386235295,87.53081576662947,98.13667449500396
930,239.03505093828485,79.46174098417991,79.73995735537923
931,179.69173975101748,76.72637313179452,51.44574166926499
932,256.7047093647579,99.46233046732677,78.60018860624916
933,149.10130983636685,47.61045603009938,50.728172996752406
934,110.21319145608369,80.0679070561041,15.030758735292826
935,137.92769575108792,89.6924592196402,24.104518776047325
936,250.1051934512894,51.376218925685066,99.3438849511265
937,158.73729196984226,72.34537434025982,43.15454170055044
938,147.31548625292726,87.68924783824099,29.787825054766937
939,94.41474946599126,38.66423173014443,27.849551480450373
940,104.00651658075452,8.294623819349866,47.85211056065252
941,88.34793734090641,71.62787534477842,8.332771004875639
942,57.721882774291444,44.14338923462816,6.754726027563029
943,170.79563322425255,43.13733549046075,63.79174984742183
944,142.45422653484212,42.56016731994392,49.89471792108198
945,106.53632377229687,75.9412442942809,15.272763484900853
946,138.60385268500465,50.81539753952544,43.86110882616182
947,174.0242058968987,75.21081418255923,49.36935561603912
948,136.95127976841704,27.929682612758743,54.46887813231197
949,90.6081211736985,18.75124951909083,35.92421262044697
950,75.95534842979328,38.201433559524624,18.83829612180532
951,198.42196276150315,39.27813668054898,79.55220409497751
952,161.54851367787006,49.90967588955929,55.81003037168317
953,140.9613123536884,82.6533910984355,29.111396805620938
954,87.79416803953362,52.39144301664778,17.68821334700509
955,210.61471439712605,93.11353589459725,58.728253703197694
956,85.18523096277957,56.06787717650047,14.500532839718861
957,63.30694081081421,43.12888390020516,10.054076734488637
958,193.47822214721631,90.69289834967952,51.3580657610531
959,74.73824450004246,61.1206526919419,6.792205830097442
960,289.0028357525872,98.86864942437289,95.01010466673976
961,73.66735638242751,18.034636495048428,27.76615979621959
962,181.05210392184912,70.51951834806493,55.20826893602673
963,81.50904350710576,28.067503699194262,26.68359193005618
964,150.69856948114568,53.202141713143746,48.71552653322596
965,120.07064443315586,29.116879823096852,45.440363434700615
966,143.69184879334344,88.49942626992495,27.54751410450834
967,64.9673993718856,26.47776880739645,19.190622124465573
968,238.03615558815906,65.66931567711674,86.16498115524016
969,84.92785460210871,33.93486709317924,25.45527800351932
970,233.24535109285046,75.36565128748764,78.88717712661709
971,204.86008012131472,29.37381659176931,87.6888143072648
972,227.11848979745486,27.528809692584677,99.72503627329633
973,46.532296171007665,38.17611701986806,4.120452305410738
974,66.23242703400877,43.15738765429853,11.487064092680832
975,80.62419427999518,0.26238130818893035,40.11451013067333
976,211.00114136055126,44.43001937627097,83.23135323890641
977,171.72351612221198,6.1279180580196435,82.74681257720842
978,111.04335696276488,8.783943301584163,51.08252259504648
979,275.2991528395913,76.60082447513841,99.30514796472436
980,123.37128586750907,39.96652678304755,41.6537901110721
981,155.85919147388958,2.2382200169079214,76.7839944210496
982,155.2309102165312,94.01579024132235,30.584491477293362
983,117.87555457033382,1.2202499255015042,58.27328185393226
984,176.83740933544686,68.12692664859476,54.33440945906831
985,184.88548402265025,4.250039702765052,90.27752373296313
986,203.96544736666934,66.23792582752606,68.84021561618019
987,95.32837513903868,85.42359425167389,4.895018821191066
988,207.81251347510872,62.17586653158131,72.78669866085374
989,220.13569303970337,86.26600327855891,66.87981763962807
990,179.57155133466193,98.73509005398815,40.40265713978884
991,95.53527265046426,94.81411620248917,0.30717331079890275
992,287.7099595019703,99.43170121243105,94.10873141525074
993,28.014508594746275,19.07204196945336,4.431610831287902
994,140.7531030859259,78.90594224523146,30.900064293611408
995,147.55051859670482,36.577340564767155,55.46371181729904
996,202.09218924531731,54.82724455184681,73.57909952238535
997,260.33542911088387,92.31510782577328,83.96017749435428
998,93.23485924258871,61.972968858823855,15.606156444595165
999,179.18902311922383,37.45416564828925,70.81095895481579
1000,91.96554128386407,54.660059484438605,18.60121058178812
1001,117.22826793271894,34.33852492488082,41.39068487301935
1002,251.9879465480152,92.09343429953739,79.9023902105538
1003,84.95448434200578,23.971164922347754,30.42048613135456
1004,111.46362667046516,5.346021467763473,53.0117496601535
1005,244.7251859516956,53.74207731394907,95.47230872993357
1006,187.70383571302395,64.02815248954799,61.82303149738305
1007,254.27968284854845,80.89264722054239,86.66254733201912
1008,131.30406779881952,96.74659257309634,17.212896044450044
1009,134.59671616065472,8.491166885005697,63.01831399228344
1010,116.50467607851719,75.75719356600969,20.356471608992553
1011,170.84963801003278,13.325327371072005,78.75194372233089
1012,189.5679406946182,6.626328071444487,91.40152412997543
1013,128.51929744313608,80.44423253219583,24.015825166308215
1014,33.702088697729934,31.092695264870716,1.250813097799297
1015,227.2669390626223,88.01867874989455,69.56870492466642
1016,206.64203948658408,18.009752716148174,94.29271863374338
1017,231.86997283590796,56.34846022275754,87.6998697609774
1018,152.525792262999,63.142105167103466,44.638593107404546
1019,163.0349173352229,60.01484241649542,51.450123663637804
1020,224.6502458294048,90.9591195597282,66.84209397696037
1021,193.96420723863287,85.77390197985179,54.05546114755594
1022,92.48069338514055,87.15614837516755,2.6154548097579444
1023,142.58441721049408,9.336232805401568,66.56608327229738
1024,157.25917089932872,87.08550610676383,35.04151730690679
1025,100.86808656809947,40.63148194065541,30.08100685060112
1026,91.15308645363841,26.74949962323987,32.18718609323624
1027,115.92472344563322,97.38954343240448,9.262038451428756
1028,89.33200209290571,22.281075059639544,33.49620776944331
1029,207.32654825022237,71.62308565220968,67.83543032568011
1030,236.47220614592837,42.32714875919107,97.01782510304507
1031,186.42638077157983,96.04067649976537,45.146053202646776
1032,162.5476618118732,5.983913808595231,78.23751449031658
1033,82.014290706938,14.837537245984201,33.54275083578001
1034,93.05862469149788,30.22801967901101,31.379683429200455
1035,189.29034730238158,60.60649858122073,64.30628379844958
1036,165.68088461280897,82.08251585130526,41.77050417570199
1037,173.94074345342736,88.451829530269,42.69312583175064
1038,116.7086863619741,81.82663285811965,17.425939556842163
1039,54.985964840584025,1.1722147477926548,26.882947972346173
1040,183.1855412202994,28.283162053341414,77.44486052955783
1041,154.06103838563254,50.6487389134663,51.68652256169709
1042,101.78433428727138,39.870131587470055,30.918465445774913
1043,95.9323738066867,41.97987156524303,26.940626545181033
1044,194.51685751235834,29.059560382135054,82.68106540702107
1045,172.77488839102458,53.69087814259069,59.52372681713862
1046,136.18603730770167,76.11894057131062,30.006969945680485
1047,154.94411775378907,38.82458029813218,58.01260537817537
1048,97.17294566621958,10.542988323135038,43.278887851640405
1049,223.0555216286835,75.63820005245103,73.66756381986
1050,239.4184097401349,70.10448422633958,84.62470691710423
1051,223.60003009254362,35.46467370116581,94.03374681826796
1052,154.71109617655085,97.96487455508009,28.31066301806706
1053,236.56751548326926,85.79023783632623,75.36428491809419
1054,256.89149560421293,61.44152330901774,97.70031719773733
1055,134.61611803109818,8.61420411716356,62.96269852597858
1056,165.18534834484757,1.11883801773639,81.98218475853125
1057,150.6205058152491,41.82409209331497,54.387238157788445
1058,139.42259453721516,39.84655810133415,49.7339601563635
1059,124.26368276148911,6.636920488768849,58.790019508435066
1060,222.77597581432425,98.5723549785934,62.080825425271414
1061,192.6318190278205,69.12571560468362,61.71333326122975
1062,246.37902290279075,66.57934643053419,89.88102058993952
1063,117.96878346443428,67.58611214641297,25.157846881796665
1064,110.70171495890082,37.47029624394107,36.58184169782083
1065,240.96812021342674,81.64427370877681,79.61481379090084
1066,119.98920657978864,97.94326812863233,10.964899711272757
1067,258.20730400564685,80.3776860323771,88.90470531133344
1068,172.10393503010766,57.84513198433484,57.101448018975475
1069,90.68034880357042,13.064987849498577,38.780915991346
1070,266.76993312836765,99.38156978565456,83.68492976237984
1071,140.98797731689066,40.44999961136363,50.21679693095928
1072,254.83317562740902,89.59876984797141,82.58792729130944
1073,166.8692033765451,22.92495174581819,71.92870115357024
1074,218.36665839796035,28.656385874505652,94.81428079715243
1075,144.05220241222807,57.888633578743956,43.011652958234095
1076,173.31985137732505,52.48271419717289,60.37679233576091
1077,83.90181438951252,62.961128207206826,10.437685016679666
1078,53.49413498483813,29.763768521213507,11.837783832357285
1079,83.95461669515392,10.646630253010336,36.63173039022539
1080,140.96101278462996,71.67188841075053,34.58440878077395
1081,114.24922329775893,30.083627294627124,42.04542848772245
1082,177.5815238027912,29.20601141032875,74.16063856749481
1083,21.35200000650335,11.220267778514536,5.014957141951937
1084,164.55045783633727,65.76178816932853,49.37923498527223
1085,109.1931042137856,2.139886958574966,53.50151277619498
1086,108.59105694813633,7.17014039437569,50.65697497935716
1087,186.01560703370708,42.91791207143309,71.51800793696148
1088,90.63938180663975,20.472627077506033,35.07965789270124
1089,184.02344303614598,1.8284240575887178,91.03941852688355
1090,103.85161592953473,29.10946282424248,37.33507234432227
1091,122.41908393040238,2.488094541124919,59.953042230649615
1092,75.86782373436598,50.613119181670626,12.570616565514015
1093,249.34895075698253,62.40407641044965,93.41531679464167
1094,105.92294912129394,69.38180326343414,18.220725206316747
1095,36.08058925426887,12.313084482377533,11.820877900847526
1096,127.35050677880088,41.54239433899677,42.866345477901866
1097,210.54561897499485,85.24855136786215,62.631791028524376
1098,260.2068307771325,84.25317162830248,87.96095571261145
1099,167.90402963510348,50.58100003992734,58.62871050365974
1100,172.7911342160432,8.90490076462993,81.90046042458296
1101,102.59692460893126,20.24932045104899,41.15895995189648
1102,176.24349602996426,64.74871497079484,55.691300324493575
1103,168.80745736571842,27.500597647292235,70.61040036502348
1104,249.050062654275,50.43045905310769,99.26099127186959
1105,42.89388272863465,37.54039629272915,2.6669766820039853
1106,133.59023216887903,45.4108779723699,44.079828714818134
1107,222.0907698376436,90.27344708804446,65.8935973773343
1108,44.965194510008395,20.388881319919005,12.245473154462527
1109,253.31548599966948,89.6296607949679,81.81564078156374
1110,137.95960835933192,15.750633414616322,61.09616778806425
1111,129.51247072282018,15.154522452848685,57.112583407910314
1112,190.59662297274306,54.93156701075904,67.80463441068144
1113,41.23364329395618,20.58882433719188,10.29590658583488
1114,263.73517608124587,80.08985661816168,91.78884960802466
1115,143.50687038647183,9.410089689156964,67.04062236099317
1116,184.39790763707458,49.45669209421643,67.40552972593733
1117,97.04798203761928,33.72964775735527,31.63001741032985
1118,85.77749473792473,47.89550657276119,18.937046677642467
1119,91.04355762121581,0.7148467020287597,45.12469428015884
1120,23.176268407370415,11.94305618140824,5.5721507407760384
1121,80.33624137033671,3.760598164618356,38.26503616383414
1122,70.13135198839353,39.80965056286935,15.136927443656202
1123,125.99673483161632,79.85675097649528,23.03927882930603
1124,67.45634117548107,17.588461953249592,24.90677778419863
1125,220.9043406187627,95.88248379655421,62.50062034435432
1126,162.412832338738,39.62519920395157,61.36059689763823
1127,204.59597374971744,7.441862825200662,98.53745640439016
1128,98.2472967043808,17.354144447517662,40.397789621624156
1129,159.64167723572496,72.99353153336159,43.27467493933413
1130,259.42432755739156,66.32266438711169,96.49086462157432
1131,174.7084098038468,5.131525816146832,84.75403403190562
1132,173.5809961365102,23.251807796564925,75.12229382540816
1133,35.84758295946777,20.30936911477842,7.748435867331526
1134,48.182526638259,19.43372266230875,14.349463138326769
1135,162.49558140749,64.25748324051311,49.07226704233636
1136,37.41381744102784,30.549309467106944,3.384201328031111
1137,70.86817877429799,43.44632160878717,13.659984564797501
1138,85.626469760753,78.29680052518339,3.652140203309928
1139,45.416020937131876,5.885770098190013,19.709242458714126
1140,74.05388059884638,31.05207546721499,21.47407555527017
1141,59.14058806730497,10.837469344643559,24.111047006597218
1142,111.99501848952438,14.282989785518163,48.79971335420892
1143,141.4216148164544,63.52539378488827,38.92174924872437
1144,218.98165940088316,48.500040672169575,85.1887243706072
1145,123.9391932582325,3.8387383099982353,60.00107787334136
1146,105.13198758179612,19.429634433733632,42.81139649089003
1147,162.14781675672862,54.901649771606564,53.58243670079005
1148,243.7004046896828,83.83012122989551,79.86705521500791
1149,28.93809729910474,3.6608174507952618,12.613983824634524
1150,236.05600993631285,45.082977194314665,95.4676998496022
1151,205.47255416121857,57.548994915063304,73.91405866043439
1152,203.084771822908,94.28226407044005,54.3599610760809
1153,52.442681465513914,31.10986773286939,10.622544597999028
1154,149.81825506149488,90.74265971877124,29.528523627368408
1155,155.93916253053322,61.97775263228156,46.92408253229389
1156,182.1621034545391,17.749728459878998,82.19274328502875
1157,108.30761618271771,52.4144780530081,27.886485075581604
1158,108.31361684175502,36.30388783967763,35.96828854725184
1159,69.85971250963252,61.995451610575024,3.906479947978614
1160,160.94925734197562,94.631760616459,33.09908592995865
1161,103.81557697484264,19.751085732316863,42.00245467296709
1162,144.83655424316652,93.1161383161276,25.835828408743787
1163,187.02851249338514,25.628836521920284,80.66770526682325
1164,189.30365738902498,76.49763681216464,56.37264315680133
1165,212.07652760313263,25.28877223234589,93.35752770271934
1166,249.03676544478685,88.51003625776134,80.23386355666634
1167,58.03009224113967,54.03621386991419,1.9456197455624324
1168,161.76690328710677,4.385560178493398,78.66966474033538
1169,129.51117104302648,55.353169805164256,37.06817855631923
1170,163.22669431703568,31.579311164253543,65.77173133819046
1171,158.36545858707484,30.085648455696845,64.11015908114892
1172,24.96118838348864,10.534793995792558,7.179972106120347
1173,201.23385608525103,76.34625348836869,62.39593236983526
1174,214.144155209833,65.6176648833669,74.21100522256607
1175,124.8166203234082,33.10173185054012,45.83054424156815
1176,174.6677673532926,54.88547936472359,59.84268073529876
1177,190.98166861333573,78.95480712132198,55.96794916268636
1178,122.26446417769101,31.023310691740814,45.604844498408056
1179,55.322369413443305,39.13038821451027,8.037714639261228
1180,29.674276941249015,0.25465947574582204,14.661485930698914
1181,228.1601558443721,33.35408456166464,97.34826233984822
1182,132.50418914820744,49.38161781246736,41.51152779240689
1183,87.65795641291986,32.00472438339609,27.766102089541832
1184,63.27970082133609,63.001675694027405,0.07119984876821084
1185,96.80200222235841,30.308767216402256,33.20454415877532
1186,224.86479405831264,75.4642562859956,74.65142841319128
1187,110.914498330457,79.037288251991,15.92834070689374
1188,235.21135852242566,59.93008415099917,87.5784209883763
1189,65.39009494340374,41.85589692794367,11.755170604949928
1190,140.35716364272966,52.928357300794396,43.66348844529174
1191,194.9785483510703,40.22583433179779,77.34370925303415
1192,157.62168965829486,28.639934784962605,64.4420803253683
1193,230.2054360014899,55.63335964437465,87.26516992505431
1194,153.58352318851516,51.04664501322043,51.24665767207765
1195,150.02663136739272,11.35859851791512,69.26673209019751
1196,224.305521839367,24.399724782166032,99.92017305587865
1197,215.14768215136317,46.30121132694932,84.361027086932
1198,236.4738683686745,67.06257381077923,84.66798592635223
1199,259.3882840764873,84.66289102730852,87.3498820743305
1200,139.16976923250039,90.99303578029284,24.073495652891218
1201,161.0528928969669,1.1581135802513631,79.90529679198868
1202,37.84038643413076,14.348238218837416,11.70703890771627
1203,209.84741631770962,46.42064332631174,81.65241174914513
1204,124.87102619577871,1.8918985589087445,61.427649032447896
1205,276.09740104317393,81.7206028339839,97.13082712626135
1206,190.85878421382756,61.95537238906969,64.40712819433433
1207,82.70940209105163,3.190869318016243,39.74475736910355
1208,184.1974049648006,97.83307251756023,43.17012213503132
1209,101.86262131929756,98.69044918275372,1.5636297168989177
1210,231.10774131898984,75.48840679931733,77.76188074315033
1211,71.73650949127553,35.125334625786884,18.261220237484245
1212,192.61888014721836,67.74227710889198,62.39189986059057
1213,80.23325295892081,68.7214127767945,5.709289362670022
1214,129.74976205153513,26.531058873613468,51.54763253497824
1215,89.54472130069773,79.24018862275635,5.107767858988977
1216,243.23671458115442,99.58785120882075,71.77468290830816
1217,102.30777051629234,17.89518142638997,42.14993479979593
1218,108.79014321420462,91.53710711613991,8.589318936799351
1219,201.67556700214251,84.3219750409953,58.64110404120629
1220,183.9603279640674,54.48263478101122,64.70402359811452
1221,159.752427681536,55.51806520729219,52.098358041503204
1222,111.53797769764154,28.48601377645045,41.473502341555566
1223,151.23137254993827,78.67933959761926,36.25696306325358
1224,88.67150981858802,23.856787251159993,32.35487484443451
1225,93.68555147434738,11.728700535945825,40.959596571460246
1226,53.87610732927599,25.135000314707412,14.352892405770179
1227,115.32117057445835,9.681827067526761,52.78453051735584
1228,197.2011189381095,56.90478132070547,70.10460245245132
1229,230.21233387636642,33.88625654951425,98.11274315383392
1230,218.97128521392042,26.092534577306203,96.39056914172828
1231,60.55455151037426,7.73653982643816,26.38689050254631
1232,201.53459070250696,72.00656762390125,64.70768147335282
1233,56.93676891323369,31.837858268548167,12.518521387315417
1234,169.12198621378303,96.04564893953555,36.482125774533934
